hash	repository	project
f45b79af2bbde51791bbc8bc371585f1448ff8ce	KOSASIH/Metazone	Metazone
c92fb9f14976c38bb2776e142700920b12f84ebd	KOSASIH/Metazone	Metazone
0ead5d8feffefcb9847a6b82086ef1871619539a	KOSASIH/Metazone	Metazone
26a6dda5c531542d653fc684414b5530dd3d5ec7	KOSASIH/Metazone	Metazone
895d66b78d89e051924c116fc77a3b6b08e5be06	KOSASIH/Metazone	Metazone
c94c22e5bd1bf4736ec434a1fde009f2de5932e3	KOSASIH/Metazone	Metazone
2f457daf6848454a6927b24588af57a6f9d754db	KOSASIH/Metazone	Metazone
1d652af8ef5389a4800e0412b79c9e8a7887789e	KOSASIH/Metazone	Metazone
ed5be860ba51d51adf77e41caa43bd7ef1eebacc	KOSASIH/Metazone	Metazone
55dab13d709948bd90d0050f3a6ccf797a8501f2	KOSASIH/Metazone	Metazone
4d3667c0d8f1c67bbb4c7477d02ff3538db081f1	KOSASIH/Metazone	Metazone
1df5143934007e09575dacaec95cc7367a9a2768	KOSASIH/Metazone	Metazone
